https://uploads.postiz.com/X6NTJncNPZ.mp4	/private/tmp/tt/reels0923/r7_onana.mp4
https://uploads.postiz.com/zzkRDUUaE9.mp4	/private/tmp/tt/reels0923/r7_onana.mp4
https://uploads.postiz.com/jvefauNcZg.png	/private/tmp/tt/threads0924/yamal6.png
https://uploads.postiz.com/oTWFYTttQw.png	/private/tmp/tt/threads0924/lisandro/01.png
https://uploads.postiz.com/U17Chrosjl.mp4	/private/tmp/tt/tiktok_test/A_template.mp4
https://uploads.postiz.com/7oh5uCgIrf.mp4	/private/tmp/tt/tiktok_test/B_owngraphic.mp4
https://uploads.postiz.com/va6HPtrs3W.mp4	/private/tmp/tt/tiktok_test/D_heavy.mp4
https://uploads.postiz.com/YZndUxCWUM.png	/private/tmp/tt/car_A/01.png
https://uploads.postiz.com/A0prAKRZJI.png	/private/tmp/tt/car_A/02.png
https://uploads.postiz.com/tdmFDyWzU5.png	/private/tmp/tt/car_A/03.png
https://uploads.postiz.com/IxcWRfgSuX.png	/private/tmp/tt/car_A/04.png
https://uploads.postiz.com/NfBfVQsce2.png	/private/tmp/tt/car_A/05.png
https://uploads.postiz.com/4VmlJDQQf3.png	/private/tmp/tt/car_A/06.png
https://uploads.postiz.com/2fAMWpRUlZ.png	/private/tmp/tt/car_A/07.png
https://uploads.postiz.com/a5xaLTJ2H3.png	/private/tmp/tt/car_A/08.png
https://uploads.postiz.com/IggnLDK8JX.png	/private/tmp/tt/car_A/09.png
https://uploads.postiz.com/hCEP2Q93mp.png	/private/tmp/tt/car_B/01.png
https://uploads.postiz.com/BE0JqhDXbg.png	/private/tmp/tt/car_B/02.png
https://uploads.postiz.com/5MJS7D4MgG.png	/private/tmp/tt/car_B/03.png
https://uploads.postiz.com/QSzRzK1VoR.png	/private/tmp/tt/car_B/04.png
https://uploads.postiz.com/XYtB5arGUN.png	/private/tmp/tt/car_B/05.png
https://uploads.postiz.com/eagYWksW8c.png	/private/tmp/tt/car_A/01.png
https://uploads.postiz.com/f9BBtePRLS.png	/private/tmp/tt/car_A/02.png
https://uploads.postiz.com/PPAFuvNyvQ.mp4	/private/tmp/tt/reels_0923pm/r1_palmer_thumbs.mp4
https://uploads.postiz.com/slZJaDxP2S.png	/private/tmp/tt/car_A/03.png
https://uploads.postiz.com/mVHojfcHMB.png	/private/tmp/tt/car_B/06.png
https://uploads.postiz.com/rK2BKynbc4.png	/private/tmp/tt/car_B/07.png
https://uploads.postiz.com/TtDnqpxWCA.png	/private/tmp/tt/car_B/08.png
https://uploads.postiz.com/NR1p0AaZKj.png	/private/tmp/tt/car_B/09.png
https://uploads.postiz.com/ozSyisaPGu.png	/private/tmp/tt/car_B/10.png
https://uploads.postiz.com/t5t9ctNDdh.png	/private/tmp/tt/car_D/01.png
https://uploads.postiz.com/DIip6QvJ5i.png	/private/tmp/tt/car_D/02.png
https://uploads.postiz.com/G7VmsZjFdy.png	/private/tmp/tt/car_D/03.png
https://uploads.postiz.com/EJV94Ua52N.png	/private/tmp/tt/car_D/04.png
https://uploads.postiz.com/nBvPdZFs9b.png	/private/tmp/tt/car_D/05.png
https://uploads.postiz.com/tf72cTLiud.png	/private/tmp/tt/car_D/06.png
https://uploads.postiz.com/ySrwWShRHX.png	/private/tmp/tt/car_D/07.png
https://uploads.postiz.com/epsFjrTGBA.png	/private/tmp/tt/car_0923_pm/01.png
https://uploads.postiz.com/NJ8ZoaPNKJ.png	/private/tmp/tt/car_0923_pm/02.png
https://uploads.postiz.com/vKhwPxqcZN.png	/private/tmp/tt/car_0923_pm/03.png
https://uploads.postiz.com/mxvZsbamDW.png	/private/tmp/tt/car_0923_pm/04.png
https://uploads.postiz.com/bwE6fuNqCp.png	/private/tmp/tt/car_0923_pm/05.png
https://uploads.postiz.com/28GydAde8W.png	/private/tmp/tt/car_0923_pm/06.png
https://uploads.postiz.com/uwkdK14An9.png	/private/tmp/tt/car_0923_pm/07.png
https://uploads.postiz.com/FghOkSSjnT.png	/private/tmp/tt/car_0923_pm/08.png
https://uploads.postiz.com/F0jGVyXPik.png	/private/tmp/tt/car_0923_pm/09.png
https://uploads.postiz.com/uNaIR6DM05.png	/private/tmp/tt/car_0923_pm/10.png
https://uploads.postiz.com/9h1VHxyW8H.png	/private/tmp/tt/car_D/08.png
https://uploads.postiz.com/JsNOI7mkPg.png	/private/tmp/tt/car_D/09.png
https://uploads.postiz.com/5WWIJDt5Pr.png	/private/tmp/tt/car_D/10.png
https://uploads.postiz.com/neMHfsIroM.jpg	/Users/alexanderbrynolsen/ball-iq/social/out/long-arsenal-01_thumb.jpg
https://uploads.postiz.com/nNoRLEgwrO.mp4	/Users/alexanderbrynolsen/ball-iq/social/out/long-arsenal-01.mp4
https://uploads.postiz.com/tc7yIq82j5.png	/private/tmp/tt/own/zero_haters_son.png
https://uploads.postiz.com/kXbAI4nc1v.mp4	/Users/alexanderbrynolsen/ball-iq/social/out/short-arsenal-q_f94f5c.mp4
https://uploads.postiz.com/RwLtiMx09Q.mp4	/Users/alexanderbrynolsen/ball-iq/social/out/short-united-q_s26x11.mp4
https://uploads.postiz.com/Gywsq79BH1.mp4	/Users/alexanderbrynolsen/ball-iq/social/out/short-arsenal-q_28dc76.mp4
https://uploads.postiz.com/HOsQ0O8TaE.mp4	/Users/alexanderbrynolsen/ball-iq/social/out/short-spurs-q_s26x04.mp4
https://uploads.postiz.com/lljmwNRT9s.mp4	/Users/alexanderbrynolsen/ball-iq/social/out/short-arsenal-q_3e9acb.mp4
https://uploads.postiz.com/eMrAzYjxeu.mp4	/Users/alexanderbrynolsen/ball-iq/social/out/short-liverpool-q_eb2a52.mp4
https://uploads.postiz.com/tqG9AFkdum.mp4	/Users/alexanderbrynolsen/ball-iq/social/out/short-chelsea-q_s26b04.mp4
https://uploads.postiz.com/RlvbnR0jGX.mp4	/Users/alexanderbrynolsen/ball-iq/social/out/short-arsenal-q_d3d089.mp4
https://uploads.postiz.com/UURAEIXyoV.mp4	/Users/alexanderbrynolsen/ball-iq/social/out/short-ucl-q_3090ab.mp4
https://uploads.postiz.com/ep1tOCsSD3.jpg	/Users/alexanderbrynolsen/ball-iq/social/out/long-united-01_thumb.jpg
https://uploads.postiz.com/SqZjEGKfBy.mp4	/Users/alexanderbrynolsen/ball-iq/social/out/long-united-01.mp4
https://uploads.postiz.com/gekFgkdoVM.mp4	/Users/alexanderbrynolsen/ball-iq/social/out/short-united-q_b312e9.mp4
https://uploads.postiz.com/hTrboeu3Af.mp4	/Users/alexanderbrynolsen/ball-iq/social/out/short-arsenal-q_130dae.mp4
https://uploads.postiz.com/dBMKM3lFhy.mp4	/Users/alexanderbrynolsen/ball-iq/social/out/short-united-q_3852fa.mp4
https://uploads.postiz.com/c2gJYrPgrf.mp4	/Users/alexanderbrynolsen/ball-iq/social/out/short-arsenal-q_5fad9a.mp4
https://uploads.postiz.com/ibIErbcTmd.mp4	/Users/alexanderbrynolsen/ball-iq/social/out/short-united-q_b1a240.mp4
https://uploads.postiz.com/KRkHPMl1vT.jpg	/Users/alexanderbrynolsen/ball-iq/social/out/long-chelsea-01_thumb.jpg
https://uploads.postiz.com/4Z1ORg7zhD.mp4	/Users/alexanderbrynolsen/ball-iq/social/out/long-chelsea-01.mp4
https://uploads.postiz.com/nxe4OyCUuk.png	/private/tmp/tt/car_0924_e/01.png
https://uploads.postiz.com/Yv4bdJJoIe.png	/private/tmp/tt/car_0924_e/01.png
https://uploads.postiz.com/wgpqXTAeaK.jpg	/Users/alexanderbrynolsen/ball-iq/social/out/long-ucl-01_thumb.jpg
https://uploads.postiz.com/fNBOrtwyOy.png	/private/tmp/tt/car_0924_e/02.png
https://uploads.postiz.com/talbI6QnNj.png	/private/tmp/tt/car_0924_e/03.png
https://uploads.postiz.com/lMZZL5612Y.png	/private/tmp/tt/car_0924_e/04.png
https://uploads.postiz.com/E2Sc8h6eCU.mp4	/Users/alexanderbrynolsen/ball-iq/social/out/long-ucl-01.mp4
https://uploads.postiz.com/TV3ZVeb97y.png	/private/tmp/tt/car_0924_e/05.png
https://uploads.postiz.com/M403cE9h3R.png	/private/tmp/tt/car_0924_e/06.png
https://uploads.postiz.com/6NiPbktZ1y.jpg	/Users/alexanderbrynolsen/ball-iq/social/out/long-liverpool-01_thumb.jpg
https://uploads.postiz.com/hy8XOufh7f.png	/private/tmp/tt/car_0924_e/07.png
https://uploads.postiz.com/cnGCOMRNSq.mp4	/Users/alexanderbrynolsen/ball-iq/social/out/long-liverpool-01.mp4
https://uploads.postiz.com/b7PcNNCoWO.png	/private/tmp/tt/car_0924_e/08.png
https://uploads.postiz.com/w9Pin2tEc4.jpg	/Users/alexanderbrynolsen/ball-iq/social/out/long-city-01_thumb.jpg
https://uploads.postiz.com/19HncSEMFP.png	/private/tmp/tt/car_0924_f/01.png
https://uploads.postiz.com/5HmXu1tEmo.mp4	/Users/alexanderbrynolsen/ball-iq/social/out/long-city-01.mp4
https://uploads.postiz.com/yso1roJH3x.png	/private/tmp/tt/threads0925/t65.png
https://uploads.postiz.com/uqEtK93vSa.png	/private/tmp/tt/threads0925/t22.png
https://uploads.postiz.com/SsgLnNdBPi.mp4	/private/tmp/tt/reels_0923eve/fb1_madrid_derby_cricket_music.mp4
https://uploads.postiz.com/yJGmrdCGii.png	/private/tmp/tt/car_0924_e2/01.png
https://uploads.postiz.com/k0lHKTK2T1.png	/private/tmp/tt/car_0924_e2/02.png
https://uploads.postiz.com/aQjF86xhRc.png	/private/tmp/tt/threads0925/t46.png
https://uploads.postiz.com/gLWMPqWz6k.png	/private/tmp/tt/threads0925/t4.png
https://uploads.postiz.com/gXAKJODIZU.png	/private/tmp/tt/car_0924_e2/03.png
https://uploads.postiz.com/UCeCgubTPh.png	/private/tmp/tt/car_0924_e2/04.png
https://uploads.postiz.com/MFVuJ8xnsT.png	/private/tmp/tt/threads0925/t62.png
https://uploads.postiz.com/Hsq1e6vAMT.png	/private/tmp/tt/car_0925_g2/01.png
https://uploads.postiz.com/J5owoe3cFE.png	/private/tmp/tt/threads0925/t35.png
https://uploads.postiz.com/mfyEreIgls.png	/private/tmp/tt/car_0925_g2/02.png
https://uploads.postiz.com/bxDUkhk9U7.png	/private/tmp/tt/car_0924_e2/05.png
https://uploads.postiz.com/Ai4Ytb30Ke.png	/private/tmp/tt/car_0924_e2/06.png
https://uploads.postiz.com/Gimt7tZVnX.png	/private/tmp/tt/car_0925_g2/03.png
https://uploads.postiz.com/GyWP61c8zN.png	/private/tmp/tt/car_0925_g2/04.png
https://uploads.postiz.com/Bthzno3bKZ.png	/private/tmp/tt/car_0924_e2/07.png
https://uploads.postiz.com/1D2gSpiI8M.png	/private/tmp/tt/car_0924_e2/08.png
https://uploads.postiz.com/CGX1WjUYq8.mp4	/Users/alexanderbrynolsen/ball-iq/social/out/xi-2022-fifa-world-cup-final-0.mp4
https://uploads.postiz.com/GKBEGO4U8x.png	/private/tmp/tt/car_0925_g2/05.png
https://uploads.postiz.com/6RVLo7GeEZ.png	/private/tmp/tt/car_0925_g2/06.png
https://uploads.postiz.com/w4YkN2LjUK.png	/private/tmp/tt/car_0925_g2/07.png
https://uploads.postiz.com/YRAxbRUMGD.mp4	/Users/alexanderbrynolsen/ball-iq/social/out/xi-2018-uefa-champions-league-final-0.mp4
https://uploads.postiz.com/gfzpYHEH1F.png	/private/tmp/tt/car_0925_g2/08.png
https://uploads.postiz.com/NSZ8GWPJ8B.png	/private/tmp/tt/car_0924_e2/09.png
https://uploads.postiz.com/kVD27TqvNy.mp4	/Users/alexanderbrynolsen/ball-iq/social/out/xi-2011-uefa-champions-league-final-0.mp4
https://uploads.postiz.com/TVLS2O08nl.png	/private/tmp/tt/car_0924_e2/10.png
https://uploads.postiz.com/iOxZ4DpaL3.mp4	/Users/alexanderbrynolsen/ball-iq/social/out/xi-2012-uefa-champions-league-final-1.mp4
https://uploads.postiz.com/6a7grU2e9F.png	/private/tmp/tt/car_0924_f2/01.png
https://uploads.postiz.com/xKMjBFnu51.png	/private/tmp/tt/car_0924_f2/02.png
https://uploads.postiz.com/1OloqAGz1x.png	/private/tmp/tt/car_0924_f2/03.png
https://uploads.postiz.com/ty2uKWZac3.png	/private/tmp/tt/car_0924_f2/04.png
https://uploads.postiz.com/OQp9IEtgkg.png	/private/tmp/tt/car_0924_f2/05.png
https://uploads.postiz.com/ZCUYk6qfcS.png	/private/tmp/tt/car_0924_f2/06.png
https://uploads.postiz.com/VDslDjrXge.png	/private/tmp/tt/car_0924_f2/07.png
https://uploads.postiz.com/XtMTPggAKV.mp4	/private/tmp/tt/reels_0924/r_lee_wait.mp4
https://uploads.postiz.com/gOFOjuDqK2.png	/private/tmp/tt/car_0924_f2/08.png
https://uploads.postiz.com/L4XgxPiFfu.png	/private/tmp/tt/car_0924_f2/09.png
https://uploads.postiz.com/RPubSZHyPO.png	/private/tmp/tt/car_0924_h/01.png
https://uploads.postiz.com/UQe7713xQe.mp4	/private/tmp/tt/tiktok_test/B2_spurs33.mp4
https://uploads.postiz.com/ULIweCO7Dz.png	/private/tmp/tt/car_0924_f2/10.png
https://uploads.postiz.com/5CDWwgE4x8.png	/private/tmp/tt/car_0924_h/02.png
https://uploads.postiz.com/1ocus8FNUQ.png	/private/tmp/tt/car_0924_h/03.png
https://uploads.postiz.com/VIOEQNrR1a.png	/private/tmp/tt/car_0924_h/04.png
https://uploads.postiz.com/jYhDdEGIKG.png	/private/tmp/tt/car_0924_h/05.png
https://uploads.postiz.com/1CBLoqQlbg.png	/private/tmp/tt/car_0924_h/06.png
https://uploads.postiz.com/6F7SZ8OKym.png	/private/tmp/tt/car_0924_h/07.png
https://uploads.postiz.com/1besuhiPL7.png	/private/tmp/tt/car_0924_h/08.png
https://uploads.postiz.com/yEEfTVy9UP.png	/private/tmp/tt/car_0925_i/01.png
https://uploads.postiz.com/QwJbjQBuFj.png	/private/tmp/tt/car_0925_i/03.png
https://uploads.postiz.com/qOREnipdwQ.png	/private/tmp/tt/car_0925_i/05.png
https://uploads.postiz.com/CirYHlFKOU.png	/private/tmp/tt/car_0925_i/07.png
https://uploads.postiz.com/yFmrLR4oTH.png	/private/tmp/tt/car_0925_i/08.png
https://uploads.postiz.com/Na2yt8F436.png	/private/tmp/tt/car_0925_i/09.png
https://uploads.postiz.com/h0VUPZcn3z.png	/private/tmp/tt/car_0925_i/02.png
https://uploads.postiz.com/b81Jlbyv81.mp4	/private/tmp/tt/reels_0924/r_gta_loading.mp4
https://uploads.postiz.com/XmMOZcj8rP.png	/private/tmp/tt/car_0925_j/01.png
https://uploads.postiz.com/ctcYcsDZYy.png	/private/tmp/tt/car_0925_j/02.png
https://uploads.postiz.com/bmIDhUI8te.png	/private/tmp/tt/car_0925_j/03.png
https://uploads.postiz.com/XmxEOG3fmg.png	/private/tmp/tt/car_0925_j/04.png
https://uploads.postiz.com/TVeZ4HcypX.png	/private/tmp/tt/car_0925_j/05.png
https://uploads.postiz.com/qN9rA5qNsZ.png	/private/tmp/tt/car_0925_j/06.png
https://uploads.postiz.com/rGjncI9IBj.png	/private/tmp/tt/car_0925_j/07.png
https://uploads.postiz.com/IA0gOBUPNq.png	/private/tmp/tt/car_0925_j/08.png
https://uploads.postiz.com/DzNHxgYrdb.png	/private/tmp/tt/car_0925_j/09.png
https://uploads.postiz.com/CH0IAl6odO.png	/private/tmp/tt/car_0925_j/10.png
https://uploads.postiz.com/Gic43vIvPf.png	/private/tmp/tt/car_0925_k/01.png
https://uploads.postiz.com/iXK2Cvumn9.png	/private/tmp/tt/car_0925_k/02.png
https://uploads.postiz.com/Kz1CBdwAKf.png	/private/tmp/tt/car_0925_k/03.png
https://uploads.postiz.com/wc0xCKpmeo.png	/private/tmp/tt/car_0925_k/04.png
https://uploads.postiz.com/tHTzpOBwqL.png	/private/tmp/tt/car_0925_k/05.png
https://uploads.postiz.com/F1kgmZid1b.png	/private/tmp/tt/car_0925_k/06.png
https://uploads.postiz.com/baISgRMJBs.png	/private/tmp/tt/car_0925_k/08.png
https://uploads.postiz.com/mvhe0w630l.png	/private/tmp/tt/car_0925_k/09.png
https://uploads.postiz.com/f6XnDkkv9n.png	/private/tmp/tt/car_0925_k/10.png
https://uploads.postiz.com/UJFP74Lvlj.png	/private/tmp/tt/own/card_33wins.png
https://uploads.postiz.com/dWsl6sAql5.jpg	/private/tmp/tt/x_0924/turf_cube.jpg
https://uploads.postiz.com/koM3AQUFVF.mp4	/private/tmp/tt/car_0924_pm/tt_beer_card.mp4
https://uploads.postiz.com/l2LmBxNMvi.jpg	/private/tmp/tt/x_0924/mbappe_bath.jpg
https://uploads.postiz.com/X8DOLtB8VO.jpg	/private/tmp/tt/x_0924/klopp_xavi.jpg
https://uploads.postiz.com/gnoE2466BJ.jpg	/private/tmp/tt/x_0924/messi_pizza.jpg
https://uploads.postiz.com/zl3oJUQtU2.png	/private/tmp/tt/car_0924_pm/01.png
https://uploads.postiz.com/EWUFEhZFyb.png	/private/tmp/tt/car_0924_pm/02.png
https://uploads.postiz.com/R7P3wGUFwo.png	/private/tmp/tt/car_0924_pm/03.png
https://uploads.postiz.com/4j6CsFPcAD.png	/private/tmp/tt/car_0924_pm/04.png
https://uploads.postiz.com/kvHuZ3fSOt.png	/private/tmp/tt/car_0924_pm/05.png
https://uploads.postiz.com/MenFJNdaSX.png	/private/tmp/tt/car_0924_pm/06.png
https://uploads.postiz.com/4MbwZ4DbEy.png	/private/tmp/tt/car_0924_pm/07.png
https://uploads.postiz.com/9KKAKA1BdC.png	/private/tmp/tt/car_0924_pm/08.png
https://uploads.postiz.com/tIZallcP8N.png	/private/tmp/tt/car_0924_pm/09.png
https://uploads.postiz.com/aKEpadhJ1J.png	/private/tmp/tt/car_0924_pm/10.png
https://uploads.postiz.com/cLUb7lBi8w.png	/private/tmp/tt/car_0925_i/04.png
https://uploads.postiz.com/16MFonLCgi.png	/private/tmp/tt/car_0925_i/06.png
https://uploads.postiz.com/zK6LB68cFk.png	/private/tmp/tt/car_0925_k/07.png
https://uploads.postiz.com/r7PXkWNhXx.mp4	/private/tmp/tt/reels_0924pm/r2_westham_millwall.mp4
https://uploads.postiz.com/kITBSsmgdA.mp4	/private/tmp/tt/reels_0923pm/r2_ronaldo_pace.mp4
https://uploads.postiz.com/x2bGuZfXR6.mp4	/private/tmp/tt/reels_0924pm/r1_gordon_jude.mp4
https://uploads.postiz.com/C9vfJ4hSYD.mp4	/private/tmp/tt/reels0923/r6_lisandro.mp4
https://uploads.postiz.com/67idOn15zQ.mp4	/private/tmp/tt/reels_0923eve/r2_arsenal_kmi.mp4
https://uploads.postiz.com/JxzmjMtG8b.mp4	/private/tmp/tt/yt_0924/ys_united38.mp4
https://uploads.postiz.com/JcdUYbyIlR.mp4	/private/tmp/tt/yt_0924/ys_arsenal_20.mp4
https://uploads.postiz.com/lg8CWNpdeE.mp4	/private/tmp/tt/yt_0924/ys_brobbey.mp4
https://uploads.postiz.com/iwrQQSk1gn.mp4	/private/tmp/tt/yt_0924/ys_spurs33.mp4
https://uploads.postiz.com/isTrcmwt8l.mp4	/private/tmp/tt/yt_0924/ys_wolves.mp4
https://uploads.postiz.com/fXYkvPlYiT.mp4	/private/tmp/tt/yt_0924/ys_yamal6.mp4
https://uploads.postiz.com/ntLdnFiQUO.mp4	/private/tmp/tt/yt_0924/ys_mourinho.mp4
https://uploads.postiz.com/kNaoBkc3gQ.mp4	/private/tmp/tt/yt_0924/ys_haaland38.mp4
https://uploads.postiz.com/kw0aXQ8pzd.png	/private/tmp/tt/car_0924_eve/01.png
https://uploads.postiz.com/NDPAq7mqkc.png	/private/tmp/tt/car_0924_eve/02.png
https://uploads.postiz.com/lxWyebautr.png	/private/tmp/tt/car_0924_eve/03.png
https://uploads.postiz.com/n9mtGkHrj3.png	/private/tmp/tt/car_0924_eve/04.png
https://uploads.postiz.com/rYZyzaRxJZ.png	/private/tmp/tt/car_0924_eve/05.png
https://uploads.postiz.com/LOwrF7xkzP.png	/private/tmp/tt/car_0924_eve/06.png
https://uploads.postiz.com/3bUNYdvKCD.png	/private/tmp/tt/car_0924_eve/07.png
https://uploads.postiz.com/I3Wcht9ZvH.png	/private/tmp/tt/car_0924_eve/08.png
https://uploads.postiz.com/dpmKySOT38.png	/private/tmp/tt/car_0924_eve/09.png
https://uploads.postiz.com/FBvg9P14Ps.png	/private/tmp/tt/car_0924_post1/01.png
https://uploads.postiz.com/JFCSx5Dh76.png	/private/tmp/tt/car_0924_eve/10.png
https://uploads.postiz.com/zBpE2IKmAG.png	/private/tmp/tt/car_0924_post1/02.png
https://uploads.postiz.com/isFxCzWtHr.png	/private/tmp/tt/car_0924_post1/03.png
https://uploads.postiz.com/nl4TAviWw2.png	/private/tmp/tt/car_0924_post1/04.png
https://uploads.postiz.com/YV2vXmRv0B.png	/private/tmp/tt/car_0924_post1/05.png
https://uploads.postiz.com/Jt3U4x3BsI.png	/private/tmp/tt/car_0924_post1/06.png
https://uploads.postiz.com/WiMr3hIx6K.png	/private/tmp/tt/car_0924_post1/07.png
https://uploads.postiz.com/lh0N3NuMKS.png	/private/tmp/tt/car_0924_post2/f/01.png
https://uploads.postiz.com/U8XRyQEUeW.png	/private/tmp/tt/car_0924_post2/f/02.png
https://uploads.postiz.com/PC9DVvaiBd.png	/private/tmp/tt/car_0924_post2/f/03.png
https://uploads.postiz.com/LsY3ctzMYy.png	/private/tmp/tt/car_0924_post2/f/04.png
https://uploads.postiz.com/Fb8I4L0qzB.png	/private/tmp/tt/car_0924_post2/f/05.png
https://uploads.postiz.com/yS9R6nJakl.png	/private/tmp/tt/car_0924_post2/f/06.png
https://uploads.postiz.com/6ZRfeJjAux.png	/private/tmp/tt/car_0924_post2/f/07.png
https://uploads.postiz.com/q2fR8kADvy.png	/private/tmp/tt/car_0924_post2/f/08.png
https://uploads.postiz.com/k01JdJKYSl.png	/private/tmp/tt/car_0924_post2/f/09.png
https://uploads.postiz.com/MlMdrb3mdR.mp4	/Users/alexanderbrynolsen/ball-iq/social/state/media/sweeps/2026-09-24-pm/r_klopp_germany.mp4
https://uploads.postiz.com/IGUw0E6EG4.mp4	/private/tmp/tt/tt_0924/clipping24seven_7684288440422173975.mp4
https://uploads.postiz.com/pfGoc71SNZ.jpg	/private/tmp/tt/reels0924/var.jpg
https://uploads.postiz.com/Nkystw2mbM.mp4	/private/tmp/tt/reels0924/r_klopp_gakpo.mp4
https://uploads.postiz.com/pJMkWOsyiT.jpg	/private/tmp/tt/x_live/haaland_before_after.jpg
https://uploads.postiz.com/CGZvZa1os2.jpg	/private/tmp/tt/reels0924/h1000.jpg
https://uploads.postiz.com/CWgg4yfhc1.jpg	/private/tmp/tt/reels0924/hold.jpg
https://uploads.postiz.com/6MWIv4HjXu.mp4	/private/tmp/tt/tt_0924/markgoldbridgeclips5_7682835752748584194.mp4
https://uploads.postiz.com/pRgTujPXlE.mp4	/private/tmp/tt/tt_0924/markgoldbridgeclips5_7682174035228216598.mp4
https://uploads.postiz.com/oyHxJIhREq.mp4	/private/tmp/tt/tt_0924/lfcs9w_7665777096542784790.mp4
https://uploads.postiz.com/Xqv00yYUlF.mp4	/private/tmp/tt/tt_0924/markgoldbridgeclips5_7683236255714381079.mp4
https://uploads.postiz.com/CP6NADODrL.mp4	/private/tmp/tt/tt_0924/thaboys121_7689044588882971926.mp4
https://uploads.postiz.com/D43D2Ex5Np.mp4	/private/tmp/tt/tt_0924/trafford.tapes_7686829929333394718.mp4
https://uploads.postiz.com/pWb0x6LEjn.mp4	/private/tmp/tt/tt_0924/thaboys121_7687677214908812566.mp4
https://uploads.postiz.com/kXXgZU7tgl.png	/private/tmp/tt/car_0925_am/01.png
https://uploads.postiz.com/aT4w9aZekc.png	/private/tmp/tt/car_0925_am/02.png
https://uploads.postiz.com/yK0JW0UTNe.png	/private/tmp/tt/car_0925_am/03.png
https://uploads.postiz.com/X1ckKvgnEt.png	/private/tmp/tt/car_0925_am/04.png
https://uploads.postiz.com/mtGoJyfRpr.png	/private/tmp/tt/car_0925_am/05.png
https://uploads.postiz.com/qvVmNKZD4a.png	/private/tmp/tt/car_0925_am/06.png
https://uploads.postiz.com/N0kqtY5g7Q.png	/private/tmp/tt/car_0925_am/07.png
https://uploads.postiz.com/2qRgLcnSbl.png	/private/tmp/tt/car_0925_am/08.png
https://uploads.postiz.com/o2hL0lw20J.png	/private/tmp/tt/car_0925_am/09.png
https://uploads.postiz.com/bzRxAXwz5O.png	/private/tmp/tt/car_0925_am/10.png
https://uploads.postiz.com/JxhIsuFDAb.png	/private/tmp/tt/threads0927/t1.png
https://uploads.postiz.com/MevoWonRLq.png	/private/tmp/tt/threads0927/t2.png
https://uploads.postiz.com/2QRDvHTwXu.png	/private/tmp/tt/threads0927/t3.png
https://uploads.postiz.com/3n3AbZo3ir.mp4	/private/tmp/tt/tt_0925/tt_ben_davies.mp4
https://uploads.postiz.com/ySYcRTHmaq.mp4	/Users/alexanderbrynolsen/ball-iq/social/state/media/sweeps/2026-09-25-am/r1_goldbridge_defending.mp4
https://uploads.postiz.com/rL9ZKgEp9d.mp4	/Users/alexanderbrynolsen/ball-iq/social/state/media/sweeps/2026-09-25-am/r1_goldbridge_defending.mp4
https://uploads.postiz.com/ne9NvfDhXu.jpg	/private/tmp/tt/orn/ornstein.jpg
https://uploads.postiz.com/zl9t66wbV8.png	/private/tmp/tt/car_0925_city/f/01.png
https://uploads.postiz.com/v4kT1Ubo5X.png	/private/tmp/tt/car_0925_city/f/02.png
https://uploads.postiz.com/LoyCB9vyLR.png	/private/tmp/tt/car_0925_city/f/03.png
https://uploads.postiz.com/N8ZQBLT1nn.png	/private/tmp/tt/car_0925_city/f/04.png
https://uploads.postiz.com/3dIEq6REhe.png	/private/tmp/tt/car_0925_city/f/05.png
https://uploads.postiz.com/Bhhe04Jujc.png	/private/tmp/tt/car_0925_city/f/06.png
https://uploads.postiz.com/fDbSQSujsH.png	/private/tmp/tt/car_0925_city/f/07.png
https://uploads.postiz.com/BDLsfaYQz3.png	/private/tmp/tt/car_0925_city/f/08.png
https://uploads.postiz.com/DvKWV7lkUj.mp4	/private/tmp/tt/pool_city/v684.mp4
https://uploads.postiz.com/Ah07P1qfiv.png	/private/tmp/tt/car_0925_city2/01.png
https://uploads.postiz.com/EwH9UrZb0J.png	/private/tmp/tt/car_0925_city2/02.png
https://uploads.postiz.com/YkDWs0CMLY.png	/private/tmp/tt/car_0925_city2/03.png
https://uploads.postiz.com/aQELzsljic.png	/private/tmp/tt/car_0925_city2/04.png
https://uploads.postiz.com/ZgF8nL5JlA.png	/private/tmp/tt/car_0925_city2/05.png
https://uploads.postiz.com/LffcauKnh2.png	/private/tmp/tt/car_0925_city2/06.png
https://uploads.postiz.com/elImW7FpPB.png	/private/tmp/tt/car_0925_city2/07.png
https://uploads.postiz.com/6o8Xi4fZ6b.mp4	/private/tmp/tt/city_reels/r_city_lawyers_celebrate.mp4
https://uploads.postiz.com/fFBqY72Vxu.mp4	/private/tmp/tt/city_reels/r_city_fans_fine.mp4
https://uploads.postiz.com/BDjl8YxBhB.mp4	/private/tmp/tt/city_reels/r_city_lawyers_celebrate_full.mp4
https://uploads.postiz.com/PrNvTFGY7m.mp4	/private/tmp/tt/city_reels/r_city_lawyer_call.mp4
https://uploads.postiz.com/DQRSROGQZB.mp4	/private/tmp/tt/city_reels/r_everton_wakeup.mp4
https://uploads.postiz.com/qEF6NXbBZM.png	/private/tmp/tt/car_0925_city3/01.png
https://uploads.postiz.com/lD28AXdyXm.png	/private/tmp/tt/car_0925_city3/02.png
https://uploads.postiz.com/JyjcZaYH9h.png	/private/tmp/tt/car_0925_city3/03.png
https://uploads.postiz.com/LLcFZtXekP.png	/private/tmp/tt/car_0925_city3/04.png
https://uploads.postiz.com/vAI2DXOM0D.png	/private/tmp/tt/car_0925_city3/01.png
https://uploads.postiz.com/UFYpss3gh0.png	/private/tmp/tt/car_0925_city3/02.png
https://uploads.postiz.com/1A3DQvIhm6.png	/private/tmp/tt/car_0925_city3/03.png
https://uploads.postiz.com/D7DtoSM7ri.png	/private/tmp/tt/car_0925_city3/04.png
https://uploads.postiz.com/f25BflElq8.png	/private/tmp/tt/car_0925_city3/05.png
https://uploads.postiz.com/wIDBGsyVSp.png	/private/tmp/tt/car_0925_city3/06.png
https://uploads.postiz.com/PdeImkxmxH.png	/private/tmp/tt/car_0925_city3/07.png
https://uploads.postiz.com/6ksXayCkbW.png	/private/tmp/tt/car_0925_city3/v2/01.png
https://uploads.postiz.com/jdMw2Plu2Q.png	/private/tmp/tt/car_0925_city3/v2/02.png
https://uploads.postiz.com/L3QQyafCwZ.png	/private/tmp/tt/car_0925_city3/v2/03.png
https://uploads.postiz.com/KCDwhS6jyW.png	/private/tmp/tt/car_0925_city3/v2/04.png
https://uploads.postiz.com/uJo3eMcMV7.png	/private/tmp/tt/car_0925_city3/v2/05.png
https://uploads.postiz.com/j0RkiQUwtA.png	/private/tmp/tt/car_0925_city3/v2/06.png
https://uploads.postiz.com/2vyKgBY44u.png	/private/tmp/tt/car_0925_city3/v2/07.png
https://uploads.postiz.com/ctoX9IMOeF.png	/private/tmp/tt/car_0925_city3/v2/08.png
https://uploads.postiz.com/YptzTCuDic.png	/private/tmp/tt/car_0925_city3/v2/09.png
https://uploads.postiz.com/pgteOZITVL.png	/private/tmp/tt/car_0925_city3/v2/10.png
https://uploads.postiz.com/PLMvhXdS11.jpg	/private/tmp/tt/pool_city/table684.jpg
https://uploads.postiz.com/qtDxwtNKXx.jpg	/private/tmp/tt/pool_city/fulltime.jpg
https://uploads.postiz.com/ifwh7LjoIh.jpg	/private/tmp/tt/meme3/rogan_trio.jpg
https://uploads.postiz.com/Gaum3QsjKy.png	/private/tmp/tt/car_0925_pm/01.png
https://uploads.postiz.com/NpbhSE4rfz.png	/private/tmp/tt/car_0925_pm/02.png
https://uploads.postiz.com/2YNkrcThRC.png	/private/tmp/tt/car_0925_pm/03.png
https://uploads.postiz.com/0ssKtUWcRs.png	/private/tmp/tt/car_0925_pm/04.png
https://uploads.postiz.com/Pp3H06IxgL.png	/private/tmp/tt/car_0925_pm/05.png
https://uploads.postiz.com/enmMRS0DhS.png	/private/tmp/tt/car_0925_pm/06.png
https://uploads.postiz.com/sn4JnIQmMM.png	/private/tmp/tt/car_0925_pm/07.png
https://uploads.postiz.com/NcitbX7yyz.png	/private/tmp/tt/car_0925_night1/01.png
https://uploads.postiz.com/1kFlqlZekQ.png	/private/tmp/tt/car_0925_night1/02.png
https://uploads.postiz.com/7f2VDXmPt4.png	/private/tmp/tt/car_0925_night1/03.png
https://uploads.postiz.com/fyhDKNrtVw.png	/private/tmp/tt/car_0925_night1/04.png
https://uploads.postiz.com/nU0bjY3n0E.png	/private/tmp/tt/car_0925_night1/05.png
https://uploads.postiz.com/G80MM9PKxi.png	/private/tmp/tt/car_0925_night1/06.png
https://uploads.postiz.com/PJBXX0A9De.png	/private/tmp/tt/car_0925_night1/07.png
https://uploads.postiz.com/aDGsyjNQdJ.png	/private/tmp/tt/car_0925_night1/08.png
https://uploads.postiz.com/AFeP9PalEI.png	/private/tmp/tt/car_0925_night1/09.png
https://uploads.postiz.com/BKT8v89uG4.mp4	/private/tmp/tt/gb/F1.mp4
https://uploads.postiz.com/eivxtHbltZ.mp4	/private/tmp/tt/gb/F2.mp4
https://uploads.postiz.com/R9NB39xtF5.mp4	/private/tmp/tt/gb/F3.mp4
https://uploads.postiz.com/l6LfGJaWMm.mp4	/private/tmp/tt/gb/F4.mp4
https://uploads.postiz.com/PrHiZJWStw.mp4	/private/tmp/tt/gb/F5.mp4
https://uploads.postiz.com/UaPyjNtNiK.mp4	/private/tmp/tt/gb/F6.mp4
https://uploads.postiz.com/7nGqsLluD2.mp4	/private/tmp/tt/gb/F7.mp4
https://uploads.postiz.com/Jo3N9knFuo.mp4	/private/tmp/tt/gb/F8.mp4
https://uploads.postiz.com/o51lPh4aJL.mp4	/private/tmp/tt/tk0926/gb_poznan.mp4
https://uploads.postiz.com/0IIvcPZLhf.mp4	/private/tmp/tt/tk0926/gb_trophies.mp4
https://uploads.postiz.com/Rc5VltETk7.mp4	/private/tmp/tt/tk0926/gb_poznan.mp4
https://uploads.postiz.com/QNW7UdHN5e.mp4	/private/tmp/tt/tk0926/gb_trophies.mp4
https://uploads.postiz.com/UZTo62sJ96.mp4	/private/tmp/tt/carreel/city1.mp4
https://uploads.postiz.com/6kHClTixPN.mp4	/private/tmp/tt/carreel/city2.mp4
https://uploads.postiz.com/Ehd0kijAnn.jpg	/private/tmp/tt/car_0926_city/01.jpg
https://uploads.postiz.com/blxdOHnGpH.jpg	/private/tmp/tt/car_0926_city/02.jpg
https://uploads.postiz.com/j8DJQjFztG.jpg	/private/tmp/tt/car_0926_city/03.jpg
https://uploads.postiz.com/N1cPnh7ljx.jpg	/private/tmp/tt/car_0926_city/04.jpg
https://uploads.postiz.com/ZVVlxswrIY.jpg	/private/tmp/tt/car_0926_city/05.jpg
https://uploads.postiz.com/3wbFIQc4hh.jpg	/private/tmp/tt/car_0926_city/06.jpg
https://uploads.postiz.com/KUCPpeH1Vb.jpg	/private/tmp/tt/car_0926_city/07.jpg
https://uploads.postiz.com/iyR103OFbI.jpg	/private/tmp/tt/car_0926_city/08.jpg
https://uploads.postiz.com/0gMRQ1ztXB.jpg	/private/tmp/tt/car_0926_city/09.jpg
https://uploads.postiz.com/n4iI0WERRf.jpg	/private/tmp/tt/car_0926_city/10.jpg
https://uploads.postiz.com/Yov1Vz0JUC.jpg	/private/tmp/tt/eng_robbed.jpg
https://uploads.postiz.com/NWnMAkPFZr.jpg	/private/tmp/tt/car_0926_mix/01.jpg
https://uploads.postiz.com/k220KOCsBK.jpg	/private/tmp/tt/car_0926_mix/02.jpg
https://uploads.postiz.com/3ZIPssxMOZ.jpg	/private/tmp/tt/car_0926_mix/03.jpg
https://uploads.postiz.com/H09dqo5HZJ.jpg	/private/tmp/tt/car_0926_mix/04.jpg
https://uploads.postiz.com/uBgTMbrnHM.jpg	/private/tmp/tt/car_0926_mix/05.jpg
https://uploads.postiz.com/rll5WustPR.jpg	/private/tmp/tt/car_0926_mix/06.jpg
https://uploads.postiz.com/1S6LfU5XNA.jpg	/private/tmp/tt/car_0926_mix/07.jpg
https://uploads.postiz.com/FMgD8cXhlZ.jpg	/private/tmp/tt/car_0926_mix/08.jpg
https://uploads.postiz.com/l1HDubGhhA.jpg	/private/tmp/tt/car_0926_mix/09.jpg
https://uploads.postiz.com/uHMvtgZLQS.jpg	/private/tmp/tt/car_0926_mix/10.jpg
https://uploads.postiz.com/ZVWbCrgufB.jpg	/private/tmp/tt/eng_robbed.jpg
https://uploads.postiz.com/e9dPl3Y0Oi.jpg	/private/tmp/tt/car_0926_city2/01.jpg
https://uploads.postiz.com/q8uvY2A298.jpg	/private/tmp/tt/car_0926_city2/02.jpg
https://uploads.postiz.com/8mhY9e5wOS.jpg	/private/tmp/tt/car_0926_city2/03.jpg
https://uploads.postiz.com/18czfeT8og.jpg	/private/tmp/tt/car_0926_city2/04.jpg
https://uploads.postiz.com/EpgZ4aODkb.jpg	/private/tmp/tt/car_0926_city2/05.jpg
https://uploads.postiz.com/5zGtm5VDbS.jpg	/private/tmp/tt/car_0926_city2/06.jpg
https://uploads.postiz.com/9o0fYAAqRI.jpg	/private/tmp/tt/car_0926_city2/07.jpg
https://uploads.postiz.com/aIYLkAAWsU.jpg	/private/tmp/tt/car_0926_city2/08.jpg
https://uploads.postiz.com/y3ruK7hSXM.jpg	/private/tmp/tt/car_0926_city2/09.jpg
https://uploads.postiz.com/ri8Lv1cRZW.jpg	/private/tmp/tt/car_0926_city2/10.jpg
https://uploads.postiz.com/nd9BkrFpj3.jpg	/private/tmp/tt/kane_ht.jpg
https://uploads.postiz.com/xiJMZLrF3N.jpg	/private/tmp/tt/ferran.jpg
https://uploads.postiz.com/LassWWaBiC.jpg	/private/tmp/tt/pm0926/car_engesp/01.jpg
https://uploads.postiz.com/urHHllG70z.jpg	/private/tmp/tt/pm0926/car_engesp/02.jpg
https://uploads.postiz.com/0XNjO6wJfR.jpg	/private/tmp/tt/pm0926/car_engesp/03.jpg
https://uploads.postiz.com/Rc2u1Diwk8.jpg	/private/tmp/tt/pm0926/car_engesp/04.jpg
https://uploads.postiz.com/8ImkfxSxbb.jpg	/private/tmp/tt/pm0926/car_engesp/05.jpg
https://uploads.postiz.com/BckPIWkKz0.jpg	/private/tmp/tt/pm0926/car_engesp/06.jpg
https://uploads.postiz.com/AgJRAPj73O.jpg	/private/tmp/tt/pm0926/car_engesp/07.jpg
https://uploads.postiz.com/Et7jgJSE4B.jpg	/private/tmp/tt/pm0926/car_engesp/08.jpg
https://uploads.postiz.com/gErJDrFwCF.jpg	/private/tmp/tt/pm0926/car_engesp/09.jpg
https://uploads.postiz.com/J02AGhPqMx.jpg	/private/tmp/tt/pm0926/car_engesp/10.jpg
https://uploads.postiz.com/MYtLIdPu4h.mp4	/private/tmp/tt/pm0926/reel_engesp.mp4
https://uploads.postiz.com/RvPdNYaeLr.jpg	/private/tmp/tt/pm0926/x_tuchel.jpg
https://uploads.postiz.com/jR8TuU8xzg.jpg	/private/tmp/tt/pm0926/x_yamal.jpg
https://uploads.postiz.com/gPEXnd0QKQ.jpg	/private/tmp/tt/pm0926/x_oyarzabal.jpg
https://uploads.postiz.com/4iAihxpUUk.jpg	/private/tmp/tt/pm0926/car_engesp2/01.jpg
https://uploads.postiz.com/ivRioAVk3s.jpg	/private/tmp/tt/pm0926/car_engesp2/02.jpg
https://uploads.postiz.com/pt8cyny9rI.jpg	/private/tmp/tt/pm0926/car_engesp2/03.jpg
https://uploads.postiz.com/Z48PbRhXpr.jpg	/private/tmp/tt/pm0926/car_engesp2/04.jpg
https://uploads.postiz.com/SSdGsWOpMb.jpg	/private/tmp/tt/pm0926/car_engesp2/05.jpg
https://uploads.postiz.com/5GSfNhtQnh.jpg	/private/tmp/tt/pm0926/car_engesp2/06.jpg
https://uploads.postiz.com/smMUVDfxCe.jpg	/private/tmp/tt/pm0926/car_engesp2/07.jpg
https://uploads.postiz.com/HiYAaXIj1i.jpg	/private/tmp/tt/pm0926/car_engesp2/08.jpg
https://uploads.postiz.com/bmm19Xmxmy.jpg	/private/tmp/tt/pm0926/car_engesp2/09.jpg
https://uploads.postiz.com/EPc60nTgih.jpg	/private/tmp/tt/pm0926/car_engesp2/10.jpg
https://uploads.postiz.com/BhsXrPEgMN.jpg	/private/tmp/tt/am0927/car_city3/01.jpg
https://uploads.postiz.com/spW3xPmkrG.jpg	/private/tmp/tt/am0927/car_city3/02.jpg
https://uploads.postiz.com/Unu3S6ZbX1.jpg	/private/tmp/tt/am0927/car_city3/03.jpg
https://uploads.postiz.com/pbtEp0xu7H.jpg	/private/tmp/tt/am0927/car_city3/04.jpg
https://uploads.postiz.com/9UfjtJgEGt.jpg	/private/tmp/tt/am0927/car_city3/05.jpg
https://uploads.postiz.com/1FzJIuFjzL.jpg	/private/tmp/tt/am0927/car_city3/06.jpg
https://uploads.postiz.com/TObo6wiCiG.jpg	/private/tmp/tt/am0927/car_city3/07.jpg
https://uploads.postiz.com/Fxx1LWR4h7.jpg	/private/tmp/tt/am0927/car_city3/08.jpg
https://uploads.postiz.com/kzIugC2gIl.jpg	/private/tmp/tt/am0927/car_city3/09.jpg
https://uploads.postiz.com/85jgU8rXsM.jpg	/private/tmp/tt/am0927/car_city3/10.jpg
https://uploads.postiz.com/eSIcy4wyxh.mp4	/private/tmp/tt/am0927/reel_city3.mp4
https://uploads.postiz.com/uZ6M2FqFsZ.mp4	/private/tmp/tt/pred/pred.mp4
https://uploads.postiz.com/CtKy6QZG9v.jpg	/private/tmp/tt/bendavies.jpg
https://uploads.postiz.com/aMsoTZDFft.jpg	/private/tmp/tt/felix.jpg
https://uploads.postiz.com/O4t8pSJ4Un.jpg	/private/tmp/tt/ronaldo_bench.jpg
https://uploads.postiz.com/blWZQyTcNA.png	/private/tmp/tt/car_0927_pm/01.png
https://uploads.postiz.com/mML9EpBFbT.png	/private/tmp/tt/car_0927_pm/02.png
https://uploads.postiz.com/sWKK7RU2Am.png	/private/tmp/tt/car_0927_pm/03.png
https://uploads.postiz.com/r4AxbWTuSb.png	/private/tmp/tt/car_0927_pm/04.png
https://uploads.postiz.com/bs8wQucO6G.png	/private/tmp/tt/car_0927_pm/05.png
https://uploads.postiz.com/bpPY91CXRy.png	/private/tmp/tt/car_0927_pm/06.png
https://uploads.postiz.com/CUQ85RXGA5.png	/private/tmp/tt/car_0927_pm/07.png
https://uploads.postiz.com/pPiDY72EHt.png	/private/tmp/tt/car_0927_pm/08.png
https://uploads.postiz.com/xoo3IDeBTF.png	/private/tmp/tt/car_0927_pm/09.png
https://uploads.postiz.com/55PzygUZM3.mp4	/private/tmp/tt/reels_0927/tt_lawyers_spurs.mp4
https://uploads.postiz.com/exUZCevpib.mp4	/private/tmp/tt/vessel/hl_final.mp4
https://uploads.postiz.com/d3wcNZOCH8.mp4	/private/tmp/tt/gb0927/gb_rodri.mp4
https://uploads.postiz.com/EJO9lbadMi.mp4	/private/tmp/tt/gb0927/gb_gerrard.mp4
https://uploads.postiz.com/F3GG8qN9UJ.mp4	/private/tmp/tt/gb0927/gb_noel.mp4
https://uploads.postiz.com/zmWQ0cYu4D.mp4	/Users/alexanderbrynolsen/ball-iq/social/state/media/sweeps/2026-09-28-night/hl_ger_gre.mp4
https://uploads.postiz.com/aQ151DnAkQ.png	/private/tmp/tt/car_0928_am/01.png
https://uploads.postiz.com/RWVzPCoBrG.png	/private/tmp/tt/car_0928_am/02.png
https://uploads.postiz.com/6j4FEJWOZq.png	/private/tmp/tt/car_0928_am/03.png
https://uploads.postiz.com/mqzoQxEGwi.png	/private/tmp/tt/car_0928_am/04.png
https://uploads.postiz.com/24D1HsEaB0.png	/private/tmp/tt/car_0928_am/05.png
https://uploads.postiz.com/JjZVi5nOa6.png	/private/tmp/tt/car_0928_am/06.png
https://uploads.postiz.com/t97WoeFthw.png	/private/tmp/tt/car_0928_am/07.png
https://uploads.postiz.com/kcavmLjMWO.mp4	/Users/alexanderbrynolsen/ball-iq/social/state/media/sweeps/2026-09-28-am/cr_intl_weekend.mp4
https://uploads.postiz.com/wHXhxBryTN.mp4	/Users/alexanderbrynolsen/ball-iq/social/state/media/sweeps/2026-09-28-am/yt_haaland_dias.mp4
https://uploads.postiz.com/3bRBLHjDmA.mp4	/Users/alexanderbrynolsen/ball-iq/social/state/media/0928_1900_IGreel_germany_greece.mp4
https://uploads.postiz.com/3bRBLHjDmA.mp4	0928_1900_IGreel_germany_greece.mp4
https://uploads.postiz.com/XFdABKOrUr.mp4	/Users/alexanderbrynolsen/ball-iq/social/state/media/reels0928/A_city_lipread.mp4
https://uploads.postiz.com/XFdABKOrUr.mp4	A_city_lipread.mp4
https://uploads.postiz.com/gkhCKbaDbq.mp4	/Users/alexanderbrynolsen/ball-iq/social/state/media/reels0928/B_ronaldo_fans.mp4
https://uploads.postiz.com/gkhCKbaDbq.mp4	B_ronaldo_fans.mp4
https://uploads.postiz.com/4rP0xPXBzs.mp4	/Users/alexanderbrynolsen/ball-iq/social/state/media/reels0928/C_anguilla_hair.mp4
https://uploads.postiz.com/4rP0xPXBzs.mp4	C_anguilla_hair.mp4
https://uploads.postiz.com/G0jJTWSidh.mp4	/Users/alexanderbrynolsen/ball-iq/social/state/media/reels0928/B2_ronaldo_goat_white.mp4
https://uploads.postiz.com/G0jJTWSidh.mp4	B2_ronaldo_goat_white.mp4
https://uploads.postiz.com/FCEK1LHUah.jpg	/tmp/wa684.jpg
https://uploads.postiz.com/bcYvRmD0wx.jpg	/Users/alexanderbrynolsen/ball-iq/social/state/bangers/x/41_own_spurs_33_maths.jpg
https://uploads.postiz.com/PSDUXzaTyZ.mp4	/Users/alexanderbrynolsen/ball-iq/social/state/media/snap/snap_bees.mp4
https://uploads.postiz.com/z7c91EVgQt.jpg	/Users/alexanderbrynolsen/ball-iq/social/state/media/own/story_snapchat_promo.jpg
https://uploads.postiz.com/so4OJFwOpD.jpg	/Users/alexanderbrynolsen/ball-iq/social/state/media/live/2026-09-28/ita_HTU4yGJXYAAeZxS.jpg
https://uploads.postiz.com/9ybhRg8CLk.jpg	/Users/alexanderbrynolsen/ball-iq/social/state/media/live/2026-09-28/fra_cele.jpg
https://uploads.postiz.com/cLThnZZZr1.png	/private/tmp/tt/car_0928_ft/out/01.png
https://uploads.postiz.com/g3xCDICBxL.png	/private/tmp/tt/car_0928_ft/out/03.png
https://uploads.postiz.com/o0fidB31Gv.png	/private/tmp/tt/car_0928_ft/out/02.png
https://uploads.postiz.com/cyAL8GrM8G.png	/private/tmp/tt/car_0928_ft/out/04.png
https://uploads.postiz.com/MdWkgyrEhT.png	/private/tmp/tt/car_0928_ft/out/05.png
https://uploads.postiz.com/BgIbDy9Olp.png	/private/tmp/tt/car_0928_ft/out/06.png
https://uploads.postiz.com/nRPCuxs827.png	/private/tmp/tt/car_0928_ft/out/07.png
https://uploads.postiz.com/r2icRvH7nB.jpg	/Users/alexanderbrynolsen/ball-iq/social/state/media/live/2026-09-28/swe_gyokeres.jpg
https://uploads.postiz.com/NxjB0cItgi.mp4	/Users/alexanderbrynolsen/ball-iq/social/state/media/live/2026-09-28/yt_bel_fra_highlights_v3.mp4
https://uploads.postiz.com/sJ25LJczyR.png	/Users/alexanderbrynolsen/ball-iq/social/state/media/live/2026-09-28/fb_gyokeres_hero.png
https://uploads.postiz.com/6PrVoFjQwq.png	/private/tmp/tt/car_0928_zz/v2/1.png
https://uploads.postiz.com/WaFjWUwv0X.png	/private/tmp/tt/car_0928_zz/v2/2.png
https://uploads.postiz.com/0h5ozeXmfg.png	/private/tmp/tt/car_0928_zz/v2/3.png
https://uploads.postiz.com/zYMBAYrVP8.png	/private/tmp/tt/car_0928_zz/v2/4.png
https://uploads.postiz.com/0kzMTUvKAu.png	/private/tmp/tt/car_0928_zz/v2/5.png
https://uploads.postiz.com/f24eDXD7Ky.png	/private/tmp/tt/car_0928_zz/v2/6b.png
https://uploads.postiz.com/k3DD1b7CHA.png	/private/tmp/tt/car_0928_zz/v2/7b.png
https://uploads.postiz.com/l61piJ8xeh.png	/private/tmp/tt/car_0928_zz/v2/6.png
https://uploads.postiz.com/Y0i4pBHI8o.mp4	/Users/alexanderbrynolsen/ball-iq/social/state/media/live/2026-09-28/reel_zidane_v2.mp4
https://uploads.postiz.com/jxgPDF93cZ.mp4	/Users/alexanderbrynolsen/ball-iq/social/state/media/live/2026-09-28/reel_bel_fra_highlights_v4.mp4
https://uploads.postiz.com/oPEbwzETYH.mp4	/Users/alexanderbrynolsen/ball-iq/social/state/snap_overnight/A/01_barca_lever.mp4
https://uploads.postiz.com/XFoP5jAgy3.mp4	/Users/alexanderbrynolsen/ball-iq/social/state/snap_overnight/B/02_fpl_minus8_sideways.mp4
https://uploads.postiz.com/SjdQecip4h.mp4	/Users/alexanderbrynolsen/ball-iq/social/state/snap_overnight/A/07_fans_penalty_refs.mp4
https://uploads.postiz.com/5RN2oSvwnv.mp4	/Users/alexanderbrynolsen/ball-iq/social/state/snap_overnight/B/05_fc_packs_worse_right_back.mp4
https://uploads.postiz.com/dypHjJqFte.mp4	/Users/alexanderbrynolsen/ball-iq/social/state/snap_overnight/A/04_utd_rebuild.mp4
https://uploads.postiz.com/G5rlZD4olA.mp4	/Users/alexanderbrynolsen/ball-iq/social/state/snap_overnight/B/04_england_fans_clown_stages.mp4
https://uploads.postiz.com/OSq8zH3sQt.png	/Users/alexanderbrynolsen/ball-iq/social/state/media/dailynumber/n01r_2_proof.png
https://uploads.postiz.com/5wfWQSYuYb.png	/Users/alexanderbrynolsen/ball-iq/social/state/media/dailynumber/n02_1_card.png
https://uploads.postiz.com/cJQO3oO9Bm.png	/Users/alexanderbrynolsen/ball-iq/social/state/media/dailynumber/n02_2_proof.png
https://uploads.postiz.com/mDDfBiGouG.png	/Users/alexanderbrynolsen/ball-iq/social/state/media/dailynumber/n02_3_cta.png
https://uploads.postiz.com/DeU8DCj33u.mp4	/Users/alexanderbrynolsen/ball-iq/social/state/snap_overnight/B/01_proclubs_only_defender.mp4
https://uploads.postiz.com/zCLEoJ8qt3.mp4	/Users/alexanderbrynolsen/ball-iq/social/state/snap_overnight/A/10b_spurs_halftime.mp4
https://uploads.postiz.com/wYlHSSar0i.mp4	/Users/alexanderbrynolsen/ball-iq/social/state/snap_overnight/B/11_messi_ronaldo_debate_turns_18.mp4
https://uploads.postiz.com/l9XNWsgJMo.mp4	/Users/alexanderbrynolsen/ball-iq/social/state/snap_overnight/A/fix/06.mp4
https://uploads.postiz.com/nv4z7zwUJu.png	/Users/alexanderbrynolsen/ball-iq/social/state/media/dailynumber/n02_2_proof.png
https://uploads.postiz.com/ySsY8eFc4t.png	/Users/alexanderbrynolsen/ball-iq/social/state/media/own/x0929/chelsea.png
https://uploads.postiz.com/48gks6Jn0O.png	/Users/alexanderbrynolsen/ball-iq/social/state/media/own/x0929/ferran.png
https://uploads.postiz.com/mBJ3r6CMZ6.png	/Users/alexanderbrynolsen/ball-iq/social/state/media/own/x0929/forest.png
https://uploads.postiz.com/CqTblsHJ9S.png	/Users/alexanderbrynolsen/ball-iq/social/state/media/own/x0929/wedding.png
https://uploads.postiz.com/YvN8dBH8li.png	/private/tmp/tt/car_0929_utd/final/02.png
https://uploads.postiz.com/RtjXoQiXQb.png	/private/tmp/tt/car_0929_utd/final/03.png
https://uploads.postiz.com/enJF27Zy41.png	/private/tmp/tt/car_0929_utd/final/04.png
https://uploads.postiz.com/97OuRRes1z.png	/private/tmp/tt/car_0929_utd/final/05.png
https://uploads.postiz.com/qy5UXQ2yEx.png	/private/tmp/tt/car_0929_utd/final/01.png
https://uploads.postiz.com/lT4gP7z0HW.png	/private/tmp/tt/car_0929_utd/final/02.png
https://uploads.postiz.com/Jf1cuejOSv.png	/private/tmp/tt/car_0929_utd/final/05.png
https://uploads.postiz.com/Bvhupjnssn.mp4	/private/tmp/tt/fbreel/utd_slideshow.mp4
https://uploads.postiz.com/2K0XcyV6Xg.mp4	/Users/alexanderbrynolsen/ball-iq/social/state/snap_overnight/A/03_england_iceberg.mp4
https://uploads.postiz.com/detfo7t4g7.png	/private/tmp/tt/ft0929/th_modric.png
https://uploads.postiz.com/yJl4gYDTnO.png	/private/tmp/tt/ft0929/yamal_hero.png
https://uploads.postiz.com/pXrMhJbfMc.png	/private/tmp/tt/ft0929/d1_hendry.png
https://uploads.postiz.com/Si3IMSPEG4.png	/private/tmp/tt/ft0929/d2_scot.png
https://uploads.postiz.com/Np9C1hKfy2.png	/private/tmp/tt/ft0929/d3_ten.png
https://uploads.postiz.com/pNiQqJ8r1U.png	/private/tmp/tt/ft0929/d4_cta.png
https://uploads.postiz.com/s34mpsct1m.mp4	/private/tmp/tt/fbreel/reel_09292042.mp4
https://uploads.postiz.com/r8HYVUj60K.png	/private/tmp/tt/car_0929_city/final2/01.png
https://uploads.postiz.com/DMf4xZ0JbD.png	/private/tmp/tt/car_0929_city/final2/02.png
https://uploads.postiz.com/icfW4YGj6S.png	/private/tmp/tt/car_0929_city/final2/03.png
https://uploads.postiz.com/PPBqpLWNzF.png	/private/tmp/tt/car_0929_city/final2/04.png
https://uploads.postiz.com/dywUDMf7vR.png	/private/tmp/tt/car_0929_city/final2/05.png
https://uploads.postiz.com/zuYxjrQU01.png	/private/tmp/tt/car_0929_city/final2/06.png
https://uploads.postiz.com/do6c46jsYo.png	/private/tmp/tt/car_0929_city/final2/07.png
https://uploads.postiz.com/2OvYmrfMUd.mp4	/private/tmp/tt/fbreel/reel_09292126.mp4
https://uploads.postiz.com/TfiaPq4OQU.jpg	/private/tmp/tt/ft0929/yamal_bare.jpg
https://uploads.postiz.com/vvY9jeGFdI.jpg	/private/tmp/tt/hero_pool/Lamine_Yamal/File_Lamine_Yamal_Argentina_v_Spain_19_July_2026_133_jpg.jpg
https://uploads.postiz.com/8txPE8BRzF.jpg	/private/tmp/tt/ft0929/yamal_point.jpg
https://uploads.postiz.com/ESls7amw2w.jpg	/private/tmp/tt/ft0929/yamal_x_crop.jpg
https://uploads.postiz.com/Ld4ccksSAo.png	/private/tmp/tt/car_0929_city/final3/01.png
https://uploads.postiz.com/FHuLNHQvv8.png	/private/tmp/tt/car_0929_city/final3/02.png
https://uploads.postiz.com/OnDGMzSZzC.png	/private/tmp/tt/car_0929_city/final3/03.png
https://uploads.postiz.com/rk1RjMuPiF.mp4	/private/tmp/tt/fbreel/reel_09292207.mp4
https://uploads.postiz.com/g5ow9Ed0TW.mp4	/private/tmp/tt/moveM/whistle_16131559101192916731.mp4
https://uploads.postiz.com/4AoGqau6VL.png	/private/tmp/tt/moveM/dailynum2_ig_12078977755350705628.png
https://uploads.postiz.com/l6QjUUJLa7.png	/private/tmp/tt/moveM/dailynum2_ig_15646426575879423645.png
https://uploads.postiz.com/x0mtz6wk67.png	/private/tmp/tt/moveM/dailynum2_ig_14945345758378733289.png
https://uploads.postiz.com/RnTln1Y5qZ.mp4	/private/tmp/tt/moveM/typing_17266916746848873226.mp4
https://uploads.postiz.com/rSSpXTuDVt.mp4	/private/tmp/tt/moveM/wifi_9204774014794777986.mp4
https://uploads.postiz.com/BcAXp9YEce.mp4	/private/tmp/tt/moveM/inevitable_2534815208831751054.mp4
https://uploads.postiz.com/56N6DgzI82.png	/private/tmp/tt/car_0930/final3/01.png
https://uploads.postiz.com/vJA3AVAiOr.png	/private/tmp/tt/car_0930/final3/02.png
https://uploads.postiz.com/saDQxU2p2B.png	/private/tmp/tt/car_0930/final3/03.png
https://uploads.postiz.com/3PmpSIpLCp.png	/private/tmp/tt/car_0930/final3/04.png
https://uploads.postiz.com/bVVuW1IhBK.png	/private/tmp/tt/car_0930/final3/05.png
https://uploads.postiz.com/rbAwtbj2vO.png	/private/tmp/tt/car_0930/final3/06.png
https://uploads.postiz.com/HbzLsFUu7U.png	/private/tmp/tt/car_0930/final3/07.png
https://uploads.postiz.com/HJdqIrse6a.png	/private/tmp/tt/car_0930/final3/08.png
