# Generated by scripts/audit-instruments.mjs. One writer birthday per line: date, scope, needle.
# Re-run the script instead of editing by hand. Merged with merge=union (.gitattributes).
2026-09-06	source	await rpc('record_daily_result', { p_game: game, p_edition: edition, p_b
2026-08-13	source	bqev('clubq-again'
2026-08-13	source	bqev('clubq-finish'
2026-08-13	source	bqev('clubq-more'
2026-10-05	source	bqev('clubq-open-next'
2026-08-13	source	bqev('clubq-play'
2026-08-13	source	bqev('clubq-returned'
2026-08-13	source	bqev('clubq-share'
2026-08-13	source	bqev('clubq-start'
2026-08-31	source	bqev(h.indexOf('/footle')>=0?'clubq-out-daily':h===play?'clubq-out-play'
2026-09-05	source	const funnel = (event, meta) => marketingEvent(event, { surface: 'footle
2026-09-03	source	const go = (name, href) => { try { marketingEvent(name, { href }); } cat
2026-08-28	source	ev('p-cta'
2026-08-28	source	ev('p-land'
2026-09-05	source	export const makeFunnel = (surface) => (event, meta) => marketingEvent(e
2026-09-04	source	fetch('${SB_URL}/rest/v1/rpc/record_funnel_event',{method:'POST',keepali
2026-08-14	source	fetch(BQ_SB+'/rest/v1/rpc/log_club_quiz',{method:'POST',keepalive:true,
2026-09-02	source	fetch(`${URL_}/rest/v1/rpc/record_funnel_event`, {
2026-09-04	source	fetch(`${base}/rest/v1/rpc/record_funnel_event`, {
2026-09-12	source	fev('find-hit'
2026-09-12	source	fev('find-miss'
2026-08-28	source	function ev(n){try{fetch(SB+'/rest/v1/rpc/record_funnel_event',{method:'
2026-09-05	source	funnel('footle-web-finish'
2026-09-05	source	funnel('footle-web-view'
2026-09-05	source	funnel('store-out'
2026-09-09	source	funnel('web-remind-tap'
2026-09-05	source	funnel(`${game}-web-finish`, { won: d.won === true, attempts: d.attempts
2026-09-05	source	funnel(`${game}-web-view`, {});
2026-09-09	source	funnel(after === 'on' ? 'web-remind-on' : after === 'blocked' ? 'web-rem
2026-08-31	source	gev('game-finish'
2026-08-31	source	gev('game-out-get'
2026-08-31	source	gev('game-out-play'
2026-08-31	source	gev('game-out-store'
2026-08-31	source	gev('game-start'
2026-09-12	source	gev('grid-answer'
2026-09-12	source	gev('grid-finish'
2026-09-12	source	gev('grid-open'
2026-09-12	source	gev('grid-share'
2026-08-11	source	if (!IS_NATIVE && typeof window !== "undefined" && typeof window.clarity
2026-08-24	source	loopEvent("bad-moment"
2026-08-11	source	loopEvent("challenge-arrived"
2026-09-06	source	loopEvent("dd-save-tap"
2026-08-26	source	loopEvent("first-game-finished"
2026-09-07	source	loopEvent("first-game-played"
2026-09-07	source	loopEvent("first-game-reached"
2026-09-02	source	loopEvent("game-abandon"
2026-08-11	source	loopEvent("join-token-consumed"
2026-09-06	source	loopEvent("join-token-dead"
2026-08-22	source	loopEvent("notif-prompt-dismissed"
2026-08-23	source	loopEvent("notif-prompt-skipped"
2026-10-04	source	loopEvent("rate-link-tap"
2026-08-24	source	loopEvent("rate-prompt-dismissed"
2026-08-24	source	loopEvent("rate-prompt-loving"
2026-08-24	source	loopEvent("rate-prompt-not-really"
2026-08-24	source	loopEvent("rate-prompt-shown"
2026-08-24	source	loopEvent("rate-prompt-skipped"
2026-08-24	source	loopEvent("rate-store-tap"
2026-08-24	source	loopEvent("rate-store-unreachable"
2026-08-11	source	loopEvent("share-card-" + type);
2026-08-11	source	loopEvent("share-daily"
2026-09-04	source	loopEvent("share-daily-cancel"
2026-09-04	source	loopEvent("share-daily-done"
2026-08-11	source	loopEvent("share-get"
2026-08-11	source	loopEvent("share-join"
2026-08-11	source	loopEvent("share-p"
2026-09-10	source	loopEvent("stump-answered"
2026-09-10	source	loopEvent("stump-convert"
2026-09-10	source	loopEvent("stump-land"
2026-09-10	source	loopEvent("stump-pass"
2026-09-10	source	loopEvent("stump-share"
2026-10-02	source	loopEvent("utm-landing"
2026-09-04	source	loopEvent('mp-invite-shared'
2026-09-04	source	loopEvent('mp-join-dead'
2026-09-04	source	loopEvent('mp-lobby-left'
2026-09-04	source	loopEvent('mp-lobby-open'
2026-08-30	source	loopEvent('notif-prompt-skipped'
2026-08-24	source	loopEvent('photo-nudge-dismiss'
2026-08-24	source	loopEvent('photo-nudge-tap'
2026-08-29	source	loopEvent('results-remind-tap'
2026-08-26	source	loopEvent('rival-add-failed'
2026-08-26	source	loopEvent('rival-add-sent'
2026-08-26	source	loopEvent('rival-add-tapped'
2026-08-26	source	loopEvent('rival-prompt-shown'
2026-08-24	source	loopEvent('score-outbox-flushed'
2026-08-21	source	loopEvent('stadiums-abandon'
2026-09-09	source	loopEvent(after === 'on' ? 'web-remind-on' : after === 'blocked' ? 'web-
2026-08-22	source	loopEvent(granted ? "notif-permission-granted" : "notif-permission-denie
2026-08-20	source	loopEvent(sampleAnswered !== null ? "onboard-done-answered" : "onboard-d
2026-09-03	source	marketingEvent('fd-view'
2026-08-23	source	qev('list-answered'
2026-08-26	source	qev('list-finished'
2026-09-02	source	qev('list-jump'
2026-08-26	source	qev('list-out-get'
2026-08-23	source	qev('list-out-play'
2026-08-23	source	qev('list-out-store'
2026-09-09	source	return { remind, streak: undefined, save: undefined, nextUp: DAILY_PAGES
2026-08-20	source	supabase.rpc("record_challenge_event", {
2026-08-21	source	supabase.rpc("record_funnel_event", {
2026-09-07	source	track("dd-shown"
2026-09-06	source	track: (n, m) => loopEvent(n, m),
2026-09-06	source	track?.("dd-next"
2026-09-06	source	track?.("dd-remind"
2026-09-06	source	track?.("dd-save"
2026-09-06	source	track?.("dd-share"
2026-09-06	source	track?.("dd-stump"
2026-09-07	source	try { if (!xiSyn() && window.clarity) window.clarity('event', won ? 'xi-
2026-09-02	source	try { if (typeof window !== 'undefined' && typeof window.clarity === 'fu
2026-08-23	source	try{fetch('${BQ_SUPABASE_URL}/rest/v1/rpc/record_funnel_event',{method:'
2026-08-22	source	try{fetch(BQ_SB+'/rest/v1/rpc/record_funnel_event',{method:'POST',keepal
2026-09-07	source	try{if(!lSyn()&&window.clarity)window.clarity('event','list-play-giveup'
2026-09-07	source	try{if(!lSyn()&&window.clarity)window.clarity('event','list-play-start')
2026-08-13	source	try{if(window.clarity)window.clarity('event',n)}catch(e){}
2026-09-05	source	var outs=res.querySelectorAll('a[href]');for(var oi=0;oi<outs.length;oi+
